casilla_id,distrito_fed_17,distrito_fed_12,distrito_loc_17,distrito_loc_12,are,seccion,casilla,tipo_seccion,pri_pvem,pan_na,prd,pt,mc,otros,total,ln,tamano_md,tamano_gd,region,casilla_ex,rural,ln_total
440,1,1,2,2,1-50,2553,B-C,U,216,186,26,6,4,20,458,706,1,0,2,0,0,706
174,4,1,1,1,1-84,2383,B-C,U,196,131,12,5,1,12,357,586,1,0,1,0,0,586
463,1,1,2,2,1-47,2561,B-C,U,135,110,10,7,3,20,285,578,1,0,2,0,0,578
113,4,1,1,1,1-63,2349,B-C,U,175,170,13,24,2,18,402,610,1,0,1,0,0,610
155,4,1,1,1,1-85,2375,B-C,U,239,118,12,1,3,23,396,685,1,0,1,0,0,685
158,4,1,1,1,1-84,2376,B-C,U,164,105,18,3,2,18,310,473,0,0,1,0,0,473
287,4,1,1,1,1-91,2445,B-C,R,66,170,2,3,0,15,256,411,0,0,1,0,1,411
497,1,1,2,2,1-52,2585,B-C,R,122,135,22,5,5,27,316,581,1,0,2,0,1,581
488,1,1,2,2,1-40,2581,B-C,R,94,237,12,13,5,20,381,661,1,0,2,0,1,661
215,4,1,1,1,1-72,2402,B-C,R,123,152,5,2,0,18,300,496,0,0,1,0,1,496
139,4,1,1,1,1-61,2365,B-C,R,49,113,4,6,0,11,183,398,0,0,1,0,1,398
290,1,1,2,2,1-1,332,E,R,97,222,15,0,0,12,346,403,0,0,2,1,1,403
575,1,1,2,2,1-29,2893,B-C,R,50,59,4,1,0,10,124,217,0,0,2,0,1,217
232,4,1,1,1,1-79,2412,B-C,R,120,54,43,7,1,12,237,423,0,0,1,0,1,423
286,4,1,1,1,1-94,2444,B-C,R,154,165,4,2,1,14,340,558,0,0,1,0,1,558
5969,10,10,20,20,10-10,1886,B-C,U,102,212,22,5,8,5,354,522,1,0,2,0,0,522
6019,10,10,20,20,10-66,2795,B-C,U,198,152,9,4,0,5,368,748,1,0,2,0,0,748
5913,10,10,20,20,10-1,1859,B-C,U,225,411,37,0,5,11,689,560,1,0,2,0,0,560
6419,10,10,20,21,10-39,2328,B-C,U,71,191,9,3,0,11,285,655,1,0,2,0,0,655
6362,10,10,20,21,10-26,2295,B-C,M,51,143,14,4,2,12,226,451,0,0,2,0,0,451
6432,10,10,20,21,10-31,2334,B-C,R,112,109,13,0,0,6,240,422,0,0,2,0,1,422
5297,14,10,15,17,10-56,2765,B-C,R,186,119,8,4,3,9,329,560,1,0,2,0,1,560
6435,10,10,20,21,10-41,2336,B-C,R,138,189,27,7,3,13,377,685,0,0,2,0,1,685
6440,10,10,20,21,10-43,2339,B-C,R,43,241,10,4,4,22,324,680,0,0,2,0,1,680
5997,10,10,20,20,10-48,2653,B-C,R,115,182,2,1,1,16,317,616,0,0,2,0,1,616
5617,7,11,18,18,11-28,2016,B-C,U,147,76,16,13,1,14,267,446,0,0,1,0,0,446
5334,7,11,10,18,11-96,575,B-C,M,382,358,6,14,0,13,773,615,1,0,1,0,0,615
5397,13,11,10,18,11-84,726,B-C,U,136,114,64,1,0,16,331,546,1,0,1,0,0,546
5567,7,11,18,18,11-8,1988,B-C,U,112,239,26,2,0,18,397,749,1,0,1,0,0,749
3824,13,11,18,13,11-65,9,B-C,U,126,309,12,1,1,4,453,686,1,0,1,0,0,686
5537,7,11,18,18,11-11,1974,B-C,M,87,177,18,3,1,14,300,606,1,0,1,0,0,606
3882,13,11,18,13,11-67,36,B-C,R,90,151,7,2,4,23,277,405,0,0,1,0,1,405
5417,13,11,10,18,11-82,739,B-C,R,76,242,70,5,0,26,419,683,1,0,1,0,1,683
5632,7,11,18,18,11-27,2023,B-C,R,72,132,3,2,0,4,213,434,0,0,1,0,1,434
3857,13,11,18,13,11-76,23,B-C,R,103,137,5,0,1,13,259,452,0,0,1,0,1,452
5512,7,11,18,18,11-6,1963,B-C,R,123,122,17,8,0,13,283,504,1,0,1,0,1,504
5342,7,11,10,18,11-100,581,B-C,R,98,99,2,3,0,3,205,319,0,0,1,0,1,319
5345,7,11,10,18,11-106,583,B-C,R,213,117,8,15,1,16,370,639,0,0,1,0,1,639
5370,7,11,10,18,11-94,603,B-C,R,134,51,5,2,0,5,197,436,0,0,1,0,1,436
5339,7,11,10,18,11-106,579,B-C,R,165,69,5,3,0,5,247,499,0,0,1,0,1,499
5483,7,11,18,18,11-1,1945,B-C,R,90,103,3,0,1,13,210,431,0,0,1,0,1,431
5562,7,11,18,18,11-20,1986,B-C,R,239,104,11,12,0,21,387,673,1,0,1,0,1,673
5507,7,11,18,18,11-37,1960,B-C,R,176,123,16,6,2,12,335,576,1,0,1,0,1,576
4945,12,12,15,16,12-79,543,B-C,U,139,173,6,4,0,10,332,590,1,0,2,0,0,590
4848,12,12,15,16,12-10,463,B-C,U,171,207,20,6,5,16,425,618,0,0,2,0,0,618
4395,12,12,16,15,12-40,364,B-C,U,147,167,27,7,5,12,365,521,1,0,2,0,0,521
4684,12,12,16,16,12-38,336,B-C,U,168,212,34,4,6,15,439,728,0,1,2,0,0,728
4835,12,12,15,16,12-12,456,B-C,U,160,288,37,6,6,6,503,710,1,0,2,0,0,710
4832,12,12,15,16,12-10,455,B-C,U,139,136,15,8,4,12,314,499,0,0,2,0,0,499
4752,12,12,16,16,12-30,372,B-C,U,136,177,26,7,4,11,361,558,1,0,2,0,0,558
4798,12,12,16,16,12-6,422,B-C,U,190,182,21,3,2,20,418,596,1,0,2,0,0,596
4401,12,12,16,15,12-45,366,B-C,U,171,232,27,5,0,22,457,741,1,0,2,0,0,741
4468,12,12,15,15,12-3,417,B-C,U,165,238,14,4,1,14,436,695,0,0,2,0,0,695
4844,12,12,15,16,12-13,460,B-C,U,137,198,31,6,11,10,393,629,1,0,2,0,0,629
4782,12,12,16,16,12-20,401,B-C,U,175,171,24,8,6,14,398,665,1,0,2,0,0,665
4699,12,12,16,16,12-26,340,B-C,U,149,143,33,8,2,19,354,612,1,0,2,0,0,612
4934,2,12,16,16,12-71,524,B-C,R,154,165,17,3,3,16,358,648,1,0,2,0,1,648
4554,2,12,16,15,12-58,509,B-C,R,262,166,13,3,1,19,464,743,1,0,2,0,1,743
4549,2,12,16,15,12-58,498,B-C,R,191,169,21,13,0,18,412,614,1,0,2,0,1,614
4951,12,12,15,16,12-78,546,B-C,R,185,221,19,2,4,17,448,700,1,0,2,0,1,700
4879,2,12,16,16,12-61,495,B-C,R,322,304,10,3,1,7,647,578,1,0,2,0,1,578
5777,13,13,19,19,13-66,2842,B-C,U,42,168,68,5,2,42,327,613,1,0,2,0,0,613
4498,12,13,15,15,13-4,467,B-C,U,103,129,14,4,3,11,264,407,0,0,2,0,0,407
5769,13,13,19,19,13-65,2839,B-C,U,39,166,60,0,2,14,281,509,1,0,2,0,0,509
5722,13,13,19,19,13-56,2818,B-C,U,92,269,54,5,1,13,434,671,1,0,2,0,0,671
5836,13,13,19,19,13-81,2864,B-C,U,27,105,145,1,2,39,319,556,1,0,2,0,0,556
4524,12,13,15,15,13-7,484,B-C,U,107,112,16,4,2,10,251,451,0,0,2,0,0,451
5667,13,13,19,19,13-44,1178,B-C,M,164,205,18,2,2,13,404,553,1,0,2,0,0,553
6236,10,13,19,21,13-31,687,B-C,U,104,142,16,11,0,20,293,530,1,0,2,0,0,530
6211,10,13,19,21,13-26,676,B-C,U,168,205,23,6,0,9,411,668,1,0,2,0,0,668
4509,12,13,15,15,13-6,477,B-C,U,147,152,18,9,0,14,340,597,1,0,2,0,0,597
4542,12,13,15,15,13-13,491,B-C,U,136,161,10,4,2,17,330,580,1,0,2,0,0,580
5825,13,13,19,19,13-80,2860,E,M,50,202,75,1,6,20,354,546,1,0,2,1,0,546
5740,13,13,19,19,13-60,2826,B-C,U,87,204,58,2,7,33,391,620,1,0,2,0,0,620
5676,13,13,19,19,13-47,1183,B-C,U,190,177,8,1,3,15,394,665,1,0,2,0,0,665
5779,13,13,19,19,13-66,2842,B-C,U,53,159,91,1,6,22,332,612,1,0,2,0,0,612
6228,10,13,19,21,13-30,684,B-C,U,132,177,41,2,1,10,363,630,1,0,2,0,0,630
4489,12,13,15,15,13-3,449,B-C,M,138,242,18,3,2,9,412,531,1,0,2,0,0,531
6267,10,13,19,21,13-36,698,B-C,M,107,216,15,7,1,18,364,676,1,0,2,0,0,676
5770,13,13,19,19,13-65,2839,B-C,U,40,172,58,4,2,29,305,509,1,0,2,0,0,509
5863,13,13,19,19,13-88,2873,B-C,U,31,75,71,99,6,42,324,516,1,0,2,0,0,516
6220,10,13,19,21,13-28,680,B-C,U,207,213,43,3,3,11,480,726,1,0,2,0,0,726
5876,13,13,19,19,13-84,2877,B-C,R,73,157,78,4,4,7,323,530,1,0,2,0,1,530
5841,13,13,19,19,13-82,2866,B-C,R,37,171,71,3,0,23,305,638,1,0,2,0,1,638
5879,13,13,19,19,13-92,2878,B-C,R,55,135,56,1,0,12,259,636,1,0,2,0,1,636
6288,10,13,19,21,13-39,709,E,R,24,124,7,0,0,5,160,272,0,0,2,1,1,272
5803,13,13,19,19,13-73,2850,E,R,24,51,27,2,1,13,118,309,1,0,2,1,1,309
5818,13,13,19,19,13-74,2857,B-C,R,20,147,83,2,0,18,270,572,1,0,2,0,1,572
5157,14,14,9,17,14-72,327,B-C,M,163,154,12,5,2,12,348,720,1,0,2,0,0,720
6505,14,14,22,22,14-11,77,B-C,U,114,181,43,10,10,22,380,669,1,0,2,0,0,669
5007,14,14,22,17,14-40,253,B-C,U,127,191,22,14,54,10,418,634,0,0,2,0,0,634
6735,14,14,22,22,14-102,2737,B-C,U,102,136,10,1,0,20,269,423,0,0,2,0,0,423
5091,14,14,9,17,14-58,296,B-C,U,148,189,30,4,5,15,391,629,1,0,2,0,0,629
4992,14,14,22,17,14-38,247,B-C,U,63,128,14,5,101,8,319,529,1,0,2,0,0,529
5068,14,14,9,17,14-54,288,B-C,U,177,185,17,3,1,18,401,714,1,0,2,0,0,714
6727,14,14,22,22,14-100,2732,B-C,U,128,129,4,0,2,13,276,426,0,0,2,0,0,426
6451,14,14,22,22,14-1,51,B-C,M,99,172,56,1,7,17,352,659,1,0,2,0,0,659
6691,14,14,22,22,14-89,1234,B-C,R,56,65,44,2,2,14,183,483,0,0,2,0,1,483
5055,14,14,22,17,14-50,280,B-C,R,85,86,41,14,22,19,267,452,0,0,2,0,1,452
6604,14,14,22,22,14-31,129,B-C,R,122,55,102,5,1,33,318,657,0,0,2,0,1,657
6605,14,14,22,22,14-31,130,B-C,R,66,74,120,9,1,45,315,600,0,0,2,0,1,600
5101,14,14,9,17,14-61,301,B-C,R,114,99,3,2,2,6,226,378,1,0,2,0,1,378
5035,14,14,22,17,14-47,268,B-C,R,98,144,10,3,38,28,321,736,0,0,2,0,1,736
5037,14,14,22,17,14-45,269,B-C,R,115,187,30,0,39,17,388,616,1,0,2,0,1,616
6746,14,14,22,22,14-104,2743,B-C,R,159,150,11,1,2,11,334,581,0,0,2,0,1,581
382,2,2,2,2,2-80,2529,B-C,U,124,101,88,2,0,14,329,550,1,0,2,0,0,550
2605,2,2,9,9,2-18,173,B-C,U,161,210,14,4,3,14,406,610,1,0,2,0,0,610
2529,2,2,9,9,2-2,142,B-C,U,109,150,13,6,8,19,305,562,1,0,2,0,0,562
343,2,2,2,2,2-84,2511,B-C,U,135,102,53,12,1,7,310,416,0,0,2,0,0,416
2599,2,2,9,9,2-11,171,B-C,U,196,106,13,11,4,24,354,625,1,0,2,0,0,625
5255,2,2,17,17,2-60,649,B-C,U,70,226,35,5,6,8,350,567,1,0,2,0,0,567
2586,2,2,9,9,2-9,164,B-C,U,162,169,16,7,1,17,372,634,1,0,2,0,0,634
2566,2,2,9,9,2-13,157,B-C,U,206,197,14,5,4,22,448,686,1,0,2,0,0,686
2600,2,2,9,9,2-11,172,B-C,U,181,204,17,5,5,11,423,653,1,0,2,0,0,653
5254,2,2,17,17,2-60,649,B-C,U,91,227,37,8,3,22,388,568,1,0,2,0,0,568
2624,2,2,9,9,2-32,180,B-C,R,121,153,5,2,0,19,300,620,1,0,2,0,1,620
5208,2,2,17,17,2-52,627,B-C,R,80,185,12,1,4,11,293,675,1,0,2,0,1,675
2686,2,2,9,9,2-48,217,B-C,R,85,139,4,8,3,17,256,483,0,0,2,0,1,483
396,2,2,2,2,2-82,2535,B-C,R,205,130,19,9,0,18,381,600,1,0,2,0,1,600
557,1,2,2,2,2-91,2781,B-C,R,97,171,128,3,6,22,427,664,1,0,2,0,1,664
408,2,2,2,2,2-85,2542,B-C,R,342,306,18,13,7,19,705,704,1,0,2,0,1,704
1924,6,3,7,7,3-49,1403,B-C,U,121,114,8,3,1,8,255,441,0,0,1,0,0,441
1025,3,3,4,4,3-22,1307,B-C,U,216,184,6,5,2,6,419,630,1,0,1,0,0,630
1906,6,3,7,7,3-51,1387,B-C,U,137,128,15,4,1,15,300,512,1,0,1,0,0,512
1981,6,3,21,7,3-63,1450,B-C,U,198,281,14,3,2,14,512,738,1,0,1,0,0,738
1061,3,3,7,4,3-27,1321,B-C,U,155,137,6,3,1,14,316,531,1,0,1,0,0,531
1239,3,3,4,4,3-81,1496,B-C,NA,171,136,4,2,1,8,322,745,0,1,1,0,0,745
1109,3,3,7,4,3-33,1339,B-C,U,148,176,14,2,2,12,354,590,1,0,1,0,0,590
1052,3,3,3,4,3-25,1317,B-C,U,165,190,6,2,1,11,375,580,1,0,1,0,0,580
1153,6,3,7,4,3-44,1363,B-C,U,197,221,5,1,3,9,436,708,1,0,1,0,0,708
1979,6,3,7,7,3-60,1443,B-C,U,158,163,0,0,0,8,329,493,0,0,1,0,0,493
1943,6,3,7,7,3-62,1414,B-C,U,191,194,16,3,3,13,420,657,1,0,1,0,0,657
964,3,3,4,4,3-13,1285,B-C,U,198,237,23,7,5,19,489,737,0,1,1,0,0,737
1984,6,3,21,7,3-65,1451,B-C,U,222,218,11,2,2,13,468,706,1,0,1,0,0,706
1922,6,3,7,7,3-49,1398,B-C,U,139,208,6,1,1,6,361,529,1,0,1,0,0,529
1227,6,3,4,4,3-82,1495,B-C,M,164,183,4,4,4,5,364,746,1,0,1,0,0,746
1236,3,3,4,4,3-81,1496,B-C,NA,143,149,2,0,1,11,306,745,0,1,1,0,0,745
1270,3,3,4,4,3-83,1500,B-C,NA,172,148,8,3,4,8,343,722,0,1,1,0,0,722
1116,3,3,7,4,3-34,1342,B-C,U,154,223,11,2,0,9,399,678,1,0,1,0,0,678
1002,6,3,4,4,3-20,1298,B-C,U,199,173,16,4,1,15,408,744,1,0,1,0,0,744
2212,4,4,8,8,4-46,833,B-C,U,144,69,21,7,1,11,253,386,0,0,1,0,0,386
2232,4,4,8,8,4-49,844,B-C,U,148,112,24,14,3,16,317,478,0,0,1,0,0,478
2257,4,4,8,8,4-53,855,B-C,U,159,119,30,6,1,18,333,553,1,0,1,0,0,553
2260,4,4,8,8,4-57,857,B-C,U,259,144,31,8,7,16,465,703,1,0,1,0,0,703
2354,4,4,8,8,4-74,898,B-C,U,194,192,19,5,2,13,425,662,1,0,1,0,0,662
2197,4,4,8,8,4-42,826,B-C,U,138,97,17,5,4,8,269,475,0,0,1,0,0,475
2279,4,4,8,8,4-56,867,B-C,U,211,178,21,11,6,17,444,591,1,0,1,0,0,591
2787,1,4,1,9,4-27,803,B-C,R,68,206,7,3,2,18,304,415,1,0,1,0,1,415
2339,4,4,8,8,4-48,891,B-C,R,62,94,21,5,0,6,188,301,0,0,1,0,1,301
2377,4,4,8,8,4-83,908,B-C,R,232,89,6,3,0,8,338,708,1,0,1,0,1,708
31,1,4,1,1,4-19,779,B-C,R,130,152,11,7,0,20,320,571,0,0,1,0,1,571
722,3,5,3,3,5-13,1696,B-C,U,127,206,15,5,2,7,362,571,1,0,1,0,0,571
712,3,5,3,3,5-9,1693,B-C,U,130,171,3,2,1,7,314,548,1,0,1,0,0,548
1615,5,5,5,5,5-83,3029,B-C,U,150,142,4,1,3,6,306,510,1,0,1,0,0,510
727,3,5,3,3,5-19,1698,B-C,U,178,198,11,3,3,6,399,522,1,0,1,0,0,522
846,5,5,5,3,5-57,1754,B-C,U,215,208,10,2,0,14,449,725,1,0,1,0,0,725
796,5,5,5,3,5-55,1732,B-C,U,192,168,4,2,0,6,372,652,1,0,1,0,0,652
658,3,5,3,3,5-7,1674,B-C,U,190,220,7,3,2,14,436,660,1,0,1,0,0,660
849,5,5,7,3,5-29,1756,B-C,U,111,175,8,2,2,6,304,426,0,0,1,0,0,426
841,5,5,5,3,5-63,1752,B-C,U,172,213,5,5,3,11,409,643,1,0,1,0,0,643
815,5,5,5,3,5-55,1741,B-C,U,210,154,12,2,2,7,387,649,1,0,1,0,0,649
752,3,5,3,3,5-46,1711,B-C,U,207,265,13,0,2,12,499,632,1,0,1,0,0,632
747,3,5,7,3,5-25,1709,B-C,U,190,246,6,2,1,19,464,724,1,0,1,0,0,724
1611,5,5,5,5,5-83,3027,B-C,U,133,130,6,3,1,17,290,499,0,0,1,0,0,499
1422,5,5,7,5,5-34,1790,B-C,U,156,167,9,3,0,8,343,526,1,0,1,0,0,526
1371,5,5,5,5,5-49,1494,B-C,M,184,140,4,2,0,23,353,683,0,1,1,0,0,683
2139,11,6,6,7,6-19,1646,B-C,U,187,155,3,2,4,9,360,643,1,0,1,0,0,643
1997,6,6,7,7,6-55,1518,S,U,34,46,3,2,1,7,93,0,1,0,1,0,0,93
1385,5,6,6,5,6-87,1502,B-C,U,213,111,2,2,2,6,336,657,1,0,1,0,0,657
1698,5,6,6,6,6-76,1574,B-C,U,156,189,6,0,1,2,354,559,1,0,1,0,0,559
1733,11,6,6,6,6-72,1596,B-C,U,181,168,13,2,2,8,374,558,1,0,1,0,0,558
2181,11,6,6,7,6-3,1667,B-C,U,257,95,7,2,1,5,367,579,1,0,1,0,0,579
1739,11,6,6,6,6-76,1600,B-C,U,169,141,3,2,1,4,320,588,1,0,1,0,0,588
2050,11,6,21,7,6-33,1631,B-C,U,156,158,7,8,3,11,343,671,1,0,1,0,0,671
1645,6,6,6,6,6-61,1539,B-C,U,163,170,23,2,1,9,368,577,1,0,1,0,0,577
1694,11,6,6,6,6-65,1571,B-C,U,176,167,8,5,4,5,365,638,0,0,1,0,0,638
2126,11,6,6,7,6-18,1644,B-C,U,206,157,6,0,4,14,387,724,1,0,1,0,0,724
1309,6,6,7,5,6-63,1454,B-C,U,88,130,6,2,0,8,234,362,0,0,1,0,0,362
2108,11,6,21,7,6-24,1642,B-C,U,196,171,10,1,3,5,386,709,0,1,1,0,0,709
1762,11,6,6,6,6-52,1611,B-C,U,214,122,11,6,3,8,364,615,1,0,1,0,0,615
1551,5,6,6,5,6-80,1852,B-C,U,167,185,17,2,0,0,371,522,1,0,1,0,0,522
1787,11,6,21,6,6-47,1616,B-C,U,145,153,17,5,0,10,330,470,0,0,1,0,0,470
2162,6,6,4,7,6-5,1654,B-C,U,183,171,7,5,0,8,374,539,1,0,1,0,0,539
2145,11,6,21,7,6-22,1647,B-C,U,198,194,7,3,4,11,417,736,0,1,1,0,0,736
2080,11,6,21,7,6-35,1634,B-C,U,211,237,6,4,1,11,470,749,0,1,1,0,0,749
1657,5,6,6,6,6-69,1546,B-C,U,128,177,9,0,1,10,325,506,1,0,1,0,0,506
1793,11,6,6,6,6-71,1624,B-C,U,159,136,0,11,0,0,306,484,0,0,1,0,0,484
2131,11,6,6,7,6-20,1645,B-C,U,248,152,3,3,1,12,419,744,1,0,1,0,0,744
2026,11,6,21,7,6-36,1585,B-C,U,163,216,11,7,2,13,412,679,1,0,1,0,0,679
1845,11,6,6,6,6-9,1665,B-C,R,176,121,9,1,3,8,318,614,1,0,1,0,1,614
3148,9,7,13,10,7-84,2700,B-C,U,112,214,7,1,0,27,361,564,1,0,1,0,0,564
2454,9,7,13,8,7-69,2681,B-C,U,162,210,11,9,3,13,408,675,1,0,1,0,0,675
2985,7,7,10,10,7-32,2448,B-C,U,91,252,6,1,1,4,355,534,1,0,1,0,0,534
2847,7,7,10,10,7-4,2039,B-C,U,168,304,3,2,0,6,483,658,1,0,1,0,0,658
2859,7,7,10,10,7-6,2042,B-C,U,141,272,7,1,0,6,427,688,0,1,1,0,0,688
3132,9,7,13,10,7-67,2678,B-C,U,115,130,12,4,1,11,273,604,1,0,1,0,0,604
2840,7,7,10,10,7-1,2036,B-C,U,102,299,2,4,3,4,414,666,0,1,1,0,0,666
3133,9,7,13,10,7-67,2678,B-C,U,108,159,7,4,1,4,283,604,1,0,1,0,0,604
2409,9,7,13,8,7-63,2656,B-C,U,156,183,16,8,0,7,370,628,1,0,1,0,0,628
2471,9,7,13,8,7-75,2689,B-C,R,92,105,8,2,3,11,221,422,1,0,1,0,1,422
2501,9,7,13,8,7-80,2705,B-C,R,169,113,5,2,2,21,312,735,1,0,1,0,1,735
2871,7,7,10,10,7-9,2045,B-C,R,78,290,3,0,0,10,381,663,1,0,1,0,1,663
2933,13,7,13,10,7-20,2074,B-C,R,85,101,38,1,0,13,238,520,1,0,1,0,1,520
3076,7,7,10,10,7-47,2483,B-C,R,193,117,1,0,1,13,325,530,1,0,1,0,1,530
3092,7,7,10,10,7-50,2491,B-C,R,156,132,3,3,1,6,301,507,1,0,1,0,1,507
2483,9,7,13,8,7-78,2694,B-C,R,184,107,8,1,1,4,305,576,1,0,1,0,1,576
2956,13,7,13,10,7-26,2092,B-C,R,206,104,31,3,1,10,355,731,0,0,1,0,1,731
3189,9,7,13,10,7-91,2726,B-C,R,105,95,11,2,0,6,219,395,1,0,1,0,1,395
2891,7,7,10,10,7-13,2054,B-C,R,155,320,0,0,0,15,490,732,0,0,1,0,1,732
3095,7,7,10,10,7-52,2492,B-C,R,175,120,9,0,1,15,320,605,1,0,1,0,1,605
2508,9,7,13,8,7-100,2712,B-C,R,288,90,12,6,0,13,409,683,1,0,1,0,1,683
2481,9,7,13,8,7-75,2693,B-C,R,205,81,6,2,0,18,312,593,1,0,1,0,1,593
4112,8,8,14,14,8-78,2112,B-C,U,169,169,16,24,2,7,387,543,1,0,2,0,0,543
3941,8,8,14,13,8-69,2151,B-C,U,113,131,29,12,3,15,303,469,0,0,2,0,0,469
3963,8,8,14,13,8-73,2178,B-C,U,165,126,22,6,2,11,332,648,1,0,2,0,0,648
3991,8,8,14,13,8-100,2186,B-C,U,170,217,20,9,2,10,428,653,1,0,2,0,0,653
4653,8,8,17,15,8-16,2927,B-C,M,164,226,12,5,14,16,437,623,1,0,2,0,0,623
4295,8,8,17,14,8-28,2621,B-C,U,158,262,13,4,1,7,445,634,1,0,2,0,0,634
3970,8,8,14,13,8-71,2180,B-C,U,141,186,11,6,2,9,355,553,1,0,2,0,0,553
4297,8,8,17,14,8-36,2622,B-C,U,166,266,9,9,3,10,463,677,1,0,2,0,0,677
3928,8,8,14,13,8-67,2131,B-C,U,109,199,12,7,1,14,342,434,0,0,2,0,0,434
4165,8,8,14,14,8-84,2147,B-C,U,121,96,16,13,9,9,264,410,0,0,2,0,0,410
4613,8,8,17,15,8-18,2909,B-C,U,118,253,16,19,4,8,418,559,1,0,2,0,0,559
4194,8,8,14,14,8-89,2171,B-C,U,148,146,15,5,1,11,326,502,1,0,2,0,0,502
4287,8,8,17,14,8-36,2617,B-C,U,118,297,16,6,2,21,460,701,1,0,2,0,0,701
4236,8,8,14,14,8-42,2219,B-C,U,73,178,12,8,4,13,288,536,1,0,2,0,0,536
4234,8,8,14,14,8-42,2218,B-C,M,89,183,10,9,4,6,301,633,1,0,2,0,0,633
4284,8,8,17,14,8-31,2615,B-C,U,155,210,21,5,3,9,403,592,1,0,2,0,0,592
4233,8,8,14,14,8-46,2217,B-C,R,105,193,6,7,2,12,325,569,1,0,2,0,1,569
4046,8,8,14,13,8-103,2236,B-C,R,105,188,9,5,4,19,330,604,1,0,2,0,1,604
4083,8,8,14,13,8-55,2254,B-C,R,54,194,16,0,1,14,279,582,1,0,2,0,1,582
4085,8,8,14,13,8-56,2255,B-C,R,84,149,5,2,0,18,258,520,0,0,2,0,1,520
4316,8,8,17,14,8-19,2627,B-C,R,41,179,10,2,2,11,245,404,0,0,2,0,1,404
3620,15,9,12,12,9-39,1001,B-C,U,131,142,15,1,9,9,307,494,0,0,1,0,0,494
3311,15,9,12,11,9-68,1042,B-C,U,202,217,15,1,5,9,449,667,0,0,1,0,0,667
3461,9,9,11,11,9-14,1152,B-C,U,159,140,33,4,1,19,356,659,1,0,1,0,0,659
3536,15,9,11,12,9-37,950,B-C,U,136,250,10,2,1,9,408,541,1,0,1,0,0,541
3360,15,9,12,11,9-72,1084,B-C,U,219,136,10,3,4,7,379,637,1,0,1,0,0,637
3343,15,9,12,11,9-69,1075,B-C,U,168,109,7,5,0,15,304,545,1,0,1,0,0,545
3283,15,9,12,11,9-62,1013,B-C,U,124,109,6,2,0,8,249,379,0,0,1,0,0,379
3339,15,9,12,11,9-72,1074,B-C,U,148,158,10,2,3,4,325,505,1,0,1,0,0,505
3379,15,9,12,11,9-54,1095,B-C,U,144,94,9,5,0,7,259,500,1,0,1,0,0,500
3626,15,9,12,12,9-61,1005,B-C,U,123,134,2,2,5,19,285,434,0,0,1,0,0,434
3657,15,9,12,12,9-74,1047,B-C,U,142,125,7,3,1,10,288,456,0,0,1,0,0,456
3212,9,9,11,11,9-29,938,B-C,U,174,186,6,5,2,11,384,565,1,0,1,0,0,565
3574,15,9,11,12,9-40,977,B-C,U,144,118,5,0,1,12,280,479,0,0,1,0,0,479
3399,15,9,12,11,9-51,1100,B-C,U,166,112,3,1,1,10,293,556,1,0,1,0,0,556
3687,15,9,12,12,9-82,1071,B-C,U,194,163,12,9,2,12,392,604,1,0,1,0,0,604
3296,15,9,11,11,9-45,1036,B-C,U,187,145,7,2,1,13,355,601,1,0,1,0,0,601
3683,15,9,12,12,9-73,1062,B-C,U,128,189,10,0,0,23,350,571,1,0,1,0,0,571
3301,15,9,11,11,9-45,1037,B-C,U,149,130,13,0,0,12,304,540,1,0,1,0,0,540
3485,15,9,11,11,9-11,1165,B-C,R,168,139,13,6,0,11,337,611,1,0,1,0,1,611
3427,9,9,11,11,9-1,1116,B-C,R,167,242,11,3,2,14,439,696,1,0,1,0,1,696
